dataset,algorithm,ensemble_size,cores,batch_size,rate,instances,time,acc,prec,recall,change
covtypeNorm,OzaBag,25,1,1,1,581012.0,1209.592041015625,84.32424803618514,74.67603694255394,73.77059188917288,0
GMSC,OzaBag,25,1,1,1,150000.0,66.8270034790039,93.446,78.88636944103557,52.11140840493101,0
elecNormNew,OzaBag,25,1,1,1,45312.0,27.54599952697754,82.76174081920904,82.46197216774107,82.12315452938023,0
airlines,OzaBag,25,1,1,1,539383.0,515.9169921875,64.98128417098796,65.8048589731187,62.628656093822165,0
