dataset,algorithm,ensemble_size,cores,batch_size,inc_rate,instances,time,acc,prec,recall
elecNormNew,AdaptiveRandomForestExecutorMAXChunk,25,3,50,1,45312.0,55.17499923706055,88.79192258406611,88.7599912388936,88.22560671554244,0
airlines,AdaptiveRandomForestExecutorMAXChunk,25,3,50,1,539383.0,2728.656005859375,66.20770470191886,65.80482460315396,65.08890308753053,0
airlines,OzaBagExecutorMAXChunk,25,3,50,1,539383.0,108.26599884033203,61.70955606276641,61.56346509064987,59.40396494942198,0
elecNormNew,OzaBagExecutorMAXChunk,25,3,50,1,45312.0,10.437999725341797,77.28558172418364,77.70300910613098,75.4526733552444,0
