dataset,algorithm,ensemble_size,cores,batch_size,inc_rate,instances,time,acc,prec,recall
elecNormNew,AdaptiveRandomForestExecutorMAXChunk,25,3,50,1,45312.0,55.10100173950195,88.83610976094737,88.8078338343674,88.26877653099743,0
airlines,AdaptiveRandomForestExecutorMAXChunk,25,3,50,1,539383.0,2677.18603515625,66.16524484872983,65.74990153014537,65.07215500249688,0
airlines,OzaBagExecutorMAXChunk,25,3,50,1,539383.0,110.9219970703125,61.42550149907385,61.29791828634279,59.03399153631155,0
elecNormNew,OzaBagExecutorMAXChunk,25,3,50,1,45312.0,11.0600004196167,74.72714418275817,74.33752326925412,74.79878129404516,0
