dataset,algorithm,ensemble_size,cores,batch_size,inc_rate,instances,time,acc,prec,recall
elecNormNew,OzaBagExecutorMAXChunk,25,4,50,1,45312.0,10.588000297546387,76.14334320180284,77.38439248379014,73.72906444075254,0
airlines,OzaBagExecutorMAXChunk,25,4,50,1,539383.0,102.28099822998047,61.6086907346667,61.180717520991855,59.597729642512554,0
airlines,AdaptiveRandomForestExecutorMAXChunk,25,4,50,1,539383.0,2372.56494140625,66.21252547127656,65.81068633329421,65.09189860111823,0
elecNormNew,AdaptiveRandomForestExecutorMAXChunk,25,4,50,1,45312.0,56.16999816894531,88.68145464186293,88.63947531168357,88.11870628091873,0
