dataset,algorithm,ensemble_size,cores,batch_size,inc_rate,instances,time,acc,prec,recall
airlines,AdaptiveRandomForestExecutorMAXChunk,25,2,50,1,539383.0,3367.04296875,66.1496700554203,65.74146460322143,65.03489821513807,0
elecNormNew,AdaptiveRandomForestExecutorMAXChunk,25,2,50,1,45312.0,69.55699920654297,88.75878220140515,88.70898400131426,88.20910296616486,0
elecNormNew,OzaBagExecutorMAXChunk,25,2,50,1,45312.0,11.352999687194824,79.06632495249879,78.72996146872768,78.15364094542038,0
airlines,OzaBagExecutorMAXChunk,25,2,50,1,539383.0,135.95899963378906,59.60788603701238,58.827995386000495,57.55303104850067,0
