dataset,algorithm,ensemble_size,cores,batch_size,inc_rate,instances,time,acc,prec,recall
airlines,AdaptiveRandomForestSequential,25,1,1,1,539383.0,374.77899169921875,66.23289944251115,65.82927453668681,65.11915232884571,0
elecNormNew,AdaptiveRandomForestSequential,25,1,1,1,45312.0,10.413000106811523,88.81532485875707,88.8066603106365,88.22749962856713,0
elecNormNew,OzaBag,25,1,1,1,45312.0,2.865000009536743,82.76174081920904,82.46197216774107,82.12315452938023,0
airlines,OzaBag,25,1,1,1,539383.0,47.77299880981445,64.98128417098796,65.8048589731187,62.628656093822165,0
