dataset,algorithm,ensemble_size,cores,batch_size,inc_rate,instances,time,acc,prec,recall
elecNormNew,OzaBagExecutorMAXChunk,25,4,50,1,45312.0,11.397000312805176,76.23392691440944,75.93266500741245,74.96568557229078,0
airlines,OzaBagExecutorMAXChunk,25,4,50,1,539383.0,101.427001953125,61.505229607682075,61.166055468405624,59.35083178146412,0
airlines,AdaptiveRandomForestExecutorMAXChunk,25,4,50,1,539383.0,2387.573974609375,66.15263668271736,65.74608836507983,65.03409299359795,0
elecNormNew,AdaptiveRandomForestExecutorMAXChunk,25,4,50,1,45312.0,48.91999816894531,88.80959745481861,88.79373992554656,88.22799099672409,0
