dataset,algorithm,ensemble_size,cores,batch_size,inc_rate,instances,time,acc,prec,recall
airlines,AdaptiveRandomForestExecutorMAXChunk,25,2,50,1,539383.0,3402.56396484375,66.17915091418475,65.7715054606474,65.06782525441454,0
elecNormNew,AdaptiveRandomForestExecutorMAXChunk,25,2,50,1,45312.0,74.97100067138672,88.63063938844947,88.60354841877805,88.04929578567942,0
elecNormNew,OzaBagExecutorMAXChunk,25,2,50,1,45312.0,10.906000137329102,77.07348327515355,78.52860967660101,74.6607631227895,0
airlines,OzaBagExecutorMAXChunk,25,2,50,1,539383.0,136.97999572753906,60.52772591330402,60.689391921335776,57.6825361321874,0
